{
	"players": [{
			"name": "Jack",
			"position": {
				"x": 104.586998,
				"y": 384.553886
			}
		},
		{
			"name": "Joe",
			"position": {
				"x": 204.586998,
				"y": 384.553886
			}
		},
		{
			"name": "Billy",
			"position": {
				"x": 404.586998,
				"y": 384.553886
			}
		}
	]
}